"url","label","matched_category","detection_context","detection_score_component","detection_score","detection_explain"
"http://www.earthskyus.org/2018/update/security_update/index.php?rand=13InboxLightaspxn.1774256418&amp;fid.4.1252899642&amp;fid=1&amp;fav.1&amp;rand.13InboxLight.aspxn.1774256418&amp;fid.1252899642&amp;fid.1&amp;fav.1&amp;email=abuse@ekush.com","1","IsSuspiciousKeyword","security","2.0","17.0","LongComplex:entropy=5.05; ExcessiveParams:params=9; SuspiciousFile:.php; SuspiciousKeyword:security; StructuralMalformed:opaque_payload; ProtoSubdomain:keyword:www"
"http://litopia21.com/morningform/file/update/14","1","IsSuspiciousKeyword","update","2.0","2.0","SuspiciousKeyword:update"
"http://secure-admin-help-desk-center.sitey.me/","1","IsSuspiciousKeyword","secure","2.0","5.0","SuspiciousTLD:me; SuspiciousKeyword:secure"
"http://hairblog.fr/wp-content/themes/fashionpress/fashionpress/images/png/ali/login.php?cmd=login_submit&amp;id=253802241da44eb4432ad43ad3ffa857253802241da44eb4432ad43ad3ffa857&amp;session=253802241da44eb4432ad43ad3ffa857253802241da44eb4432ad43ad3ffa857","1","IsSuspiciousKeyword","login","2.0","29.0","LongComplex:entropy=4.66; SuspiciousTLD:fr; Obfuscated:base64_blob; SuspiciousFile:.php; SuspiciousKeyword:login; MaliciousPattern:cmd=; WebAppPath:login; StructuralMalformed:opaque_payload; CompromisedCMS:wp-content/themes+login.php"
"http://gospaconsulting.com/attachments/www3.internetbanking.caixa.gov.br/siibc/index.processa/cadastro.php","1","IsSuspiciousKeyword","banking","2.0","7.0","SuspiciousFile:.php; SuspiciousKeyword:banking"
"http://tokenaccesgenereateuseralfatangoastomanjielaquest9201524378.telikmaiber.com/bank/cibc","1","IsSuspiciousKeyword","bank","2.0","2.0","SuspiciousKeyword:bank"
"http://lym-ultra.com/signin.accountverifications","1","IsSuspiciousKeyword","signin","2.0","5.0","SuspiciousKeyword:signin; WebAppPath:account"
"http://maishaera.agnesscott.org/dropbox/business-upload-secure-document/login/","1","IsSuspiciousKeyword","secure","2.0","15.0","BrandImpersonation:dropbox@agnesscott.org; SuspiciousKeyword:secure; WebAppPath:secure; CredentialForm:login+dropbox@agnesscott.org"
"https://vcoemer.com/login.php?l=_JeHFUq_VJOXK0QWHtoGYDw1774256418&fid.13InboxLight.aspxn.1774256418&fid.125289964252813InboxLight99642_Product-userid&userid=","1","IsSuspiciousKeyword","login","2.0","15.0","LongComplex:entropy=5.46; SuspiciousFile:.php; SuspiciousKeyword:login; WebAppPath:login; StructuralMalformed:opaque_payload"
